Modelo,F1-Score,Accuracy,Run_ID
Gradient_Boosting,0.7995453627211427,0.8208333333333333,62d737358b96407b82b8bdd76aef4b98
Random_Forest,0.7949377236570891,0.8141666666666667,668f238435ab44d9a08cd0f03b45f1dd
AdaBoost,0.7933341293532338,0.8186666666666667,b93fe74931344e919068fb1d7e6207b2
KNN,0.7174260659393438,0.7545,b71a745034dd47dea49d88d56f585429
Logistic_Regression,0.6859041959551291,0.7813333333333333,201938fa783a4a0ca160556983ca7a99
SVM,0.6851928823180812,0.7811666666666667,fabf51ecb11d47abb1774c6ea0dece7d
Naive_Bayes,0.6793083546301553,0.6548333333333334,5762cccf20c644d69b9eb06e547919d7
